{
  "충남 보령군": {
    "x": 126.5965697,
    "y": 36.3515391
  },
  "인천 옹진군 연평면": {
    "x": 125.7075689,
    "y": 37.6112258
  },
  "전북 부안군 위도면": {
    "x": 126.253046,
    "y": 35.6064846
  },
  "경북 봉화군 명호면": {
    "x": 128.88475,
    "y": 36.84587
  },
  "전남 나주시 다시면": {
    "x": 126.63703,
    "y": 35.0089
  },
  "경남 하동군 청암면": {
    "x": 127.76791,
    "y": 35.1802
  },
  "전남 순천시 주안면": {
    "x": 127.4819791,
    "y": 34.971759
  },
  "충북 청주시 상당구": {
    "x": 127.509537,
    "y": 36.5995996
  },
  "충북 청주시 서원구": {
    "x": 127.4741982,
    "y": 36.6291499
  },
  "South Korea": {
    "x": 127.6961188,
    "y": 36.638392
  }
}